-822,6.72673374139939e-2
-821,5.6389909789570584e-2
-820,5.603820887488475e-2
-819,3.490058874488069e-2
-818,3.91554723165416e-2
-817,3.0633048073432492e-2
-816,2.991802456498903e-2
-815,2.7337038357709686e-2
-814,2.4177341605090392e-2
-813,1.8714966438757787e-2
-812,1.364206608378748e-2
-811,2.3444272613111234e-2
-810,2.817585931108821e-2
-809,2.6894063464832533e-2
-808,2.4977396850014526e-2
-807,2.865886702689485e-2
-806,3.748017107454241e-2
-805,2.878923843862657e-2
-804,3.14001498263022e-2
-803,3.549345901209056e-2
-802,3.5030645087661696e-2
-801,3.197388275457282e-2
-800,4.374440584024595e-2
-799,5.715240849428686e-2
-798,5.381147431665153e-2
-797,5.620785554527378e-2
-796,5.5697764346212035e-2
-795,4.742394677421361e-2
-794,4.906681263843297e-2
-793,3.700954620189041e-2
-792,4.1330911579250694e-2
-791,4.326767790036703e-2
-790,3.644620598327354e-2
-789,2.8139985147103672e-2
-788,4.165325356718075e-2
-787,5.9789579020207796e-2
-786,5.4843351666042685e-2
-785,4.793874899197904e-2
-784,3.9428425182967214e-2
-783,4.395954273658222e-2
-782,3.925797347966532e-2
-781,3.170077307774774e-2
-780,3.216373462276302e-2
-779,3.862450165932473e-2
-778,4.0469737511223465e-2
-777,4.404848636124617e-2
-776,5.704369731866212e-2
-775,5.384983904637631e-2
-774,4.9543534035500957e-2
-773,4.542930701436139e-2
-772,4.233131062657611e-2
-771,4.0231950585416815e-2
-770,3.721064288812532e-2
-769,2.877143702487344e-2
-768,3.496630038219231e-2
-767,3.610068978159193e-2
-766,4.580069450572435e-2
-765,4.9446658176266124e-2
-764,5.1909569311929436e-2
-763,5.574163545999531e-2
-762,5.3295252307624594e-2
-761,4.5731687845871165e-2
-760,4.9211320293390905e-2
-759,4.5560947479603014e-2
-758,3.3423603248571326e-2
-757,3.0889487426481926e-2
-756,4.4487287895242186e-2
-755,3.8834485405095154e-2
-754,4.368387600458411e-2
-753,4.600683350859551e-2
-752,3.507674357466221e-2
-751,2.838992168630039e-2
-750,3.623793842527323e-2
-749,3.404053038898424e-2
-748,3.291636357861049e-2
-747,2.4011895413820032e-2
-746,2.9141507265101525e-2
-745,2.9792196711327136e-2
-744,2.01686077979791e-2
-743,1.763480780014838e-2
-742,3.611044559562294e-2
-741,3.569082155718503e-2
-740,2.4647246713558328e-2
-739,2.3343436115304664e-2
-738,3.0654897995414078e-2
-737,1.9689781668484164e-2
-736,1.4704907548281186e-2
-735,2.4440282123498636e-2
-734,1.1159453042001931e-2
-733,4.116769841144336e-3
-732,3.1314817724868065e-3
-731,5.25149593087692e-4
-730,7.314773682812877e-3
-729,3.5603764153287793e-3
-728,1.0476993309383651e-2
-727,1.5232728308927206e-2
-726,1.6205660418632303e-2
-725,2.0145886738194247e-2
-724,1.4439743440618248e-2
-723,2.3266966232222085e-2
-722,1.8358195101360872e-2
-721,1.411954006960562e-2
-720,8.804891100426412e-3
-719,7.128404132162378e-3
-718,1.5057817794618957e-2
-717,1.928209825635331e-2
-716,1.670713193080724e-2
-715,2.5037102065623033e-2
-714,3.408319614624452e-2
-713,2.287766509467517e-2
-712,1.962217378141511e-2
-711,2.5668133170850545e-2
-710,3.9909064919834945e-2
-709,3.54713210095371e-2
-708,3.311364317398027e-2
-707,3.3339356598309576e-2
-706,2.7653459082501813e-2
-705,4.379008105551676e-2
-704,3.7550533956148435e-2
-703,4.322749767575074e-2
-702,3.458964730549141e-2
-701,3.127581126337684e-2
-700,2.912708112934623e-2
-699,2.9691489170313244e-2
-698,3.5216861942733976e-2
-697,3.5713224144779364e-2
-696,3.0876188135003074e-2
-695,3.754683598062761e-2
-694,4.0027303839275e-2
-693,3.51458908282291e-2
-692,5.22193117117079e-2
-691,4.763294002211371e-2
-690,4.507342808992575e-2
-689,4.5444940350247e-2
-688,4.298408853603589e-2
-687,5.302609588942704e-2
-686,4.6869460474022885e-2
-685,4.1268322243102784e-2
-684,4.399129758105813e-2
-683,5.827164900990652e-2
-682,6.1472521701426794e-2
-681,7.282400263460866e-2
-680,8.295773803847283e-2
-679,8.158940448464438e-2
-678,7.45331645473695e-2
-677,8.387058999623238e-2
-676,8.848918234431379e-2
-675,9.832828328631255e-2
-674,9.618647494928981e-2
-673,0.10089411339797032
-672,9.777002056868729e-2
-671,9.56055488597426e-2
-670,0.10237844165223418
-669,0.10029780716827405
-668,9.429321430520608e-2
-667,0.10568894672024755
-666,0.10872219644043282
-665,0.11602135930499351
-664,0.10769015772524762
-663,0.10517631245398827
-662,0.1053169520876387
-661,9.966399152329203e-2
-660,9.935381485318144e-2
-659,8.86875618021753e-2
-658,8.910818820351347e-2
-657,9.689704211883839e-2
-656,9.381862631462226e-2
-655,9.003001628924184e-2
-654,9.671994062327462e-2
-653,9.800195076045555e-2
-652,9.975768564403893e-2
-651,9.8646183585875e-2
-650,8.230117955039375e-2
-649,7.412530381749535e-2
-648,7.817837651001552e-2
-647,8.148398304547702e-2
-646,7.612187682592034e-2
-645,7.01866914036216e-2
-644,6.711691807958635e-2
-643,7.728762042997545e-2
-642,7.653345740418556e-2
-641,5.80812604216975e-2
-640,4.872038579161813e-2
-639,4.600559108762519e-2
-638,4.2499814323098656e-2
-637,2.7714658056077545e-2
-636,2.1494924904794425e-2
-635,2.466567675010888e-2
-634,2.0054874182571746e-2
-633,1.7791985252735985e-2
-632,2.4290612771084033e-2
-631,2.4303684085195336e-2
-630,2.2914345879689817e-2
-629,1.4258778532775265e-2
-628,1.0015907067127816e-2
-627,1.6631928200170263e-2
-626,2.4393254174629543e-2
-625,7.146289253223936e-3
-624,4.413827081763159e-3
-623,6.793612563242207e-3
-622,1.5714687498018128e-3
-621,4.949548390208886e-3
-620,8.520355676141362e-3
-619,1.5537497706678947e-2
-618,1.2752767971352321e-2
-617,1.8917886031186416e-2
-616,2.3298724532585864e-2
-615,3.0525976964072877e-2
-614,3.029251089379253e-2
-613,2.9165645000460254e-2
-612,3.3518612712528574e-2
-611,3.1018562352284704e-2
-610,4.7315016089737386e-2
-609,5.784420843230098e-2
-608,6.002971222713108e-2
-607,6.852131070036659e-2
-606,7.756048230152332e-2
-605,8.888307693329059e-2
-604,8.71325139782692e-2
-603,7.837648210942327e-2
-602,8.418984234631824e-2
-601,9.756275996220018e-2
-600,0.101438834613127
-599,9.78511474477239e-2
-598,0.10840111570404343
-597,0.117206207638062
-596,0.12944042115022658
-595,0.13570434901017847
-594,0.1521400385032356
-593,0.14422314842101377
-592,0.13936585961237938
-591,0.15671878863616387
-590,0.16547729745577386
-589,0.1707379196555131
-588,0.16145668897987062
-587,0.14666951128864797
-586,0.15216428542187704
-585,0.16705518813050316
-584,0.16767843305495533
-583,0.1641075091672303
-582,0.16378942695897353
-581,0.1674741556211782
-580,0.1707585289254539
-579,0.17340567861349965
-578,0.16706574650532421
-577,0.16939402634982287
-576,0.1706346506840256
-575,0.1790978399718599
-574,0.18640893186328816
-573,0.19115938492854725
-572,0.20084157963491392
-571,0.20465920274640959
-570,0.20490200540614525
-569,0.2087101108440796
-568,0.20151631655698632
-567,0.19330658941316703
-566,0.1887571523863576
-565,0.19468398010430144
-564,0.19262248805507248
-563,0.19209207282518528
-562,0.19541499163559561
-561,0.19754213901665418
-560,0.1978369625162922
-559,0.19864246510319816
-558,0.1977960979450434
-557,0.18677527196879046
-556,0.19324812873824324
-555,0.1993069243123126
-554,0.18237866882401924
-553,0.18452858778293219
-552,0.18240511657205263
-551,0.18720660885696264
-550,0.19175274443224447
-549,0.18583832646271908
-548,0.17372259022933584
-547,0.17359681607367813
-546,0.1800419974357318
-545,0.17558781692151743
-544,0.17662960036857117
-543,0.17818015241757867
-542,0.17028059029111764
-541,0.16949689993956654
-540,0.16206233534345832
-539,0.14742772089284378
-538,0.1288643298491216
-537,0.12443214037115362
-536,0.12347972363952604
-535,0.12699967005095097
-534,0.12904518064894893
-533,0.1221055958694111
-532,0.11199899405880583
-531,0.1023387842609409
-530,9.24127075477151e-2
-529,8.522555375297704e-2
-528,8.318489556080487e-2
-527,6.678047626300192e-2
-526,5.539837312007823e-2
-525,5.42781023127404e-2
-524,5.069992323447737e-2
-523,4.1567791426762146e-2
-522,4.177241076726304e-2
-521,3.410185804278741e-2
-520,2.810472516649526e-2
-519,2.2001502951687294e-2
-518,2.179247550809654e-2
-517,1.1283344317184977e-2
-516,2.2873016321484406e-3
-515,9.33576619779328e-3
-514,1.31890272982663e-2
-513,2.0053082925216688e-2
-512,1.6273051647550812e-2
-511,1.714820781447551e-2
-510,1.5477696003828855e-2
-509,1.680195799969983e-2
-508,2.8407591125581014e-2
-507,2.6432043301725616e-2
-506,3.783880756954552e-2
-505,3.379870807795934e-2
-504,3.305282385373729e-2
-503,4.2023436177065394e-2
-502,4.330948505489943e-2
-501,3.862387973653581e-2
-500,3.5620709553761926e-2
-499,3.3326831613163986e-2
-498,3.206918063024062e-2
-497,2.9436800220267293e-2
-496,2.5637402410177822e-2
-495,2.2507133793630955e-2
-494,3.158993993216623e-2
-493,1.6941694194648655e-2
-492,1.464542590225627e-2
-491,9.675103547162132e-3
-490,5.52270514657693e-3
-489,7.798037909855154e-3
-488,1.6602543609481532e-2
-487,2.771935625736953e-2
-486,2.623586975739088e-2
-485,3.6598505563574746e-2
-484,3.8702182200140524e-2
-483,3.821143758179696e-2
-482,3.6367663389879235e-2
-481,4.7734311855170665e-2
-480,5.624530125351112e-2
-479,5.632685236984484e-2
-478,6.512614919271771e-2
-477,7.799329541474713e-2
-476,7.132556878643327e-2
-475,6.680229430594521e-2
-474,7.641024186836007e-2
-473,8.224873415804894e-2
-472,8.25239702002354e-2
-471,9.277019080323147e-2
-470,9.295624781361363e-2
-469,9.914962791105658e-2
-468,0.10475841368994519
-467,0.12117420340341029
-466,0.12889361159715848
-465,0.1281475435512009
-464,0.1223564182499848
-463,0.11693459111309544
-462,0.12464583491283725
-461,0.12297667648647753
-460,0.12684780389514938
-459,0.12239116303305964
-458,0.12100006859208834
-457,0.12714427512328436
-456,0.12019645903666297
-455,0.11794595431466438
-454,0.108176096178441
-453,0.10682212079113648
-452,0.10585176525289343
-451,9.836365170286454e-2
-450,8.987324926864503e-2
-449,9.028343870159067e-2
-448,7.963602709942601e-2
-447,7.966049222860781e-2
-446,9.467328408919577e-2
-445,9.489039967176116e-2
-444,8.795193377990738e-2
-443,8.808046599063206e-2
-442,8.433676460529026e-2
-441,8.026805013671034e-2
-440,7.130320045839396e-2
-439,7.370502683412956e-2
-438,7.588934052643705e-2
-437,7.539705300164187e-2
-436,7.859143509687427e-2
-435,7.294871767932876e-2
-434,6.60896910881956e-2
-433,7.810819359121147e-2
-432,7.806892748004943e-2
-431,8.621893804917308e-2
-430,8.161906325535279e-2
-429,7.810128296826775e-2
-428,9.196602027915715e-2
-427,9.154299472235791e-2
-426,8.402094800123779e-2
-425,8.347053913992154e-2
-424,8.571394457443893e-2
-423,8.233950318604746e-2
-422,9.17490250311225e-2
-421,8.579042718203027e-2
-420,8.347827932838398e-2
-419,9.110682670456982e-2
-418,8.470616784627953e-2
-417,8.696521590268788e-2
-416,9.615092851569282e-2
-415,9.280980099891639e-2
-414,9.202472339659937e-2
-413,8.320850247605793e-2
-412,8.979979073891191e-2
-411,9.041007147048641e-2
-410,8.51475440153371e-2
-409,8.296748325973091e-2
-408,6.381108814290114e-2
-407,5.232143424209838e-2
-406,3.9498279195870616e-2
-405,4.34058833601888e-2
-404,4.0143383007336934e-2
-403,2.9286033920797656e-2
-402,3.04317782440087e-2
-401,3.4580845115522035e-2
-400,3.232090153971074e-2
-399,1.5800138921262277e-2
-398,5.603197914772757e-3
-397,1.0355859311268163e-2
-396,4.594389094357937e-3
-395,1.1420150814876873e-2
-394,2.529841000227892e-2
-393,2.3779094300765604e-2
-392,2.995227404950747e-2
-391,4.086039505663552e-2
-390,4.175848233116012e-2
-389,3.764662552936346e-2
-388,4.18302763005558e-2
-387,5.9802637874948335e-2
-386,6.289220832528279e-2
-385,6.072904193327297e-2
-384,6.276543020795597e-2
-383,7.153487119763145e-2
-382,5.901934086352595e-2
-381,6.251565774920241e-2
-380,6.758458200751263e-2
-379,6.619297385876248e-2
-378,6.1178616914546124e-2
-377,5.561012352391127e-2
-376,5.629258161371558e-2
-375,6.8531829608055e-2
-374,6.37724929143928e-2
-373,6.921960982769107e-2
-372,6.315471787067763e-2
-371,5.748634639171177e-2
-370,5.151269020658021e-2
-369,5.325051309022936e-2
-368,4.660563808927534e-2
-367,4.2531833927423095e-2
-366,3.5337038510184396e-2
-365,3.361649403985438e-2
-364,2.6700500782682976e-2
-363,4.156803683321494e-2
-362,4.46748847752059e-2
-361,4.627230425592812e-2
-360,5.429103538398219e-2
-359,4.862297831843488e-2
-358,6.264451571467407e-2
-357,5.610346569955556e-2
-356,4.686895893864871e-2
-355,3.90495980136833e-2
-354,3.979202679764035e-2
-353,3.0917362325391225e-2
-352,2.5161889542062506e-2
-351,2.912123916912316e-2
-350,4.4196822919867804e-2
-349,3.990145619892507e-2
-348,3.793436208469467e-2
-347,3.5703203045765956e-2
-346,3.439220374607403e-2
-345,2.6409449636475842e-2
-344,2.319103219787046e-2
-343,2.722227178492633e-2
-342,2.72411257313033e-2
-341,2.209362265768796e-2
-340,2.5100796721519103e-2
-339,2.6218974387132585e-2
-338,2.3230940572239605e-2
-337,3.719722470265225e-2
-336,3.1785524944287616e-2
-335,3.0117764808322234e-2
-334,1.727600054766588e-2
-333,3.09050764841297e-2
-332,2.750780616865263e-2
-331,2.964516420127642e-2
-330,3.29530324291534e-2
-329,3.391640922163933e-2
-328,3.773179455807323e-2
-327,4.521048546367516e-2
-326,4.2751345570014344e-2
-325,3.774790190499806e-2
-324,4.482425177015745e-2
-323,4.475814020211672e-2
-322,4.146139373759861e-2
-321,4.6360272813584465e-2
-320,3.883966398126758e-2
-319,4.0603543430822876e-2
-318,4.4804500835556385e-2
-317,4.261990530274458e-2
-316,4.006091095984559e-2
-315,5.158116540931349e-2
-314,4.938136415549004e-2
-313,5.215785404421214e-2
-312,5.909056537076479e-2
-311,5.679377697367782e-2
-310,5.37266250092399e-2
-309,5.243258005625408e-2
-308,5.096940636130885e-2
-307,5.162283308839626e-2
-306,5.328644920946938e-2
-305,4.6860280669393746e-2
-304,3.9498227534858675e-2
-303,4.820924740144522e-2
-302,4.981475788677598e-2
-301,4.828962795152736e-2
-300,5.0020535759897906e-2
-299,4.8934612672414696e-2
-298,3.518655589713355e-2
-297,3.161599402670101e-2
-296,2.3292601126516106e-2
-295,2.7539924629649527e-2
-294,2.7694543114615666e-2
-293,3.76038713216893e-2
-292,3.383498373595069e-2
-291,3.515895686406266e-2
-290,4.4669919347324144e-2
-289,4.985272915963862e-2
-288,4.761661360585931e-2
-287,6.422403952178457e-2
-286,7.055217324450465e-2
-285,6.323310616041877e-2
-284,7.061321673299362e-2
-283,8.090034396117952e-2
-282,8.60391076105898e-2
-281,8.895897709544705e-2
-280,8.625860497730348e-2
-279,8.896903993736247e-2
-278,9.590709503837135e-2
-277,0.10365655696200286
-276,0.1134806809795018
-275,0.11405707414317343
-274,0.11837154622745966
-273,0.11606172172710853
-272,0.11784227731730375
-271,0.121484205570352
-270,0.12443776130081459
-269,0.12585880665978552
-268,0.1284596343733116
-267,0.14839670306240038
-266,0.16150663792959163
-265,0.16969319583385784
-264,0.16731718048231603
-263,0.17835702417741037
-262,0.18597718101084626
-261,0.1848994603973674
-260,0.17639565985552333
-259,0.17827931647133297
-258,0.18369638598127558
-257,0.19293925970488876
-256,0.19302064800405505
-255,0.20577594124106893
-254,0.21223065665144955
-253,0.2179286674525282
-252,0.2173552505805019
-251,0.21567172232540607
-250,0.2121577744203387
-249,0.20815039837969573
-248,0.19389201837934622
-247,0.1989603816699188
-246,0.20106460387724806
-245,0.1941001913395338
-244,0.2004029032507352
-243,0.20048300920835288
-242,0.20091807606436235
-241,0.20327923343575116
-240,0.19702150575024086
-239,0.20991211084934067
-238,0.19933972000682815
-237,0.18783077344867785
-236,0.17818703358552565
-235,0.17997278381781695
-234,0.16911061225915222
-233,0.17112962299024417
-232,0.16818651119650205
-231,0.1701383173263024
-230,0.1663166825918431
-229,0.1641575914912385
-228,0.16258113923099987
-227,0.16336828070143572
-226,0.1601395458847283
-225,0.15808000247522574
-224,0.1562525843708127
-223,0.1486460542008432
-222,0.14782548025929823
-221,0.15582708534275547
-220,0.15275659149710863
-219,0.1525813678089214
-218,0.16081047585253624
-217,0.15645543792625904
-216,0.15705432956889845
-215,0.1570936721968326
-214,0.15576135324784668
-213,0.15275515072469958
-212,0.1441102025848744
-211,0.1366127244220642
-210,0.1329294901277146
-209,0.12850801864224587
-208,0.1315131999833683
-207,0.13264058329370598
-206,0.1269546950053052
-205,0.13052324335596752
-204,0.12404226086645868
-203,0.11879428894364828
-202,0.11752882748679493
-201,0.11916755323309595
-200,0.11710818532383577
-199,0.12193429816347544
-198,0.114394071725767
-197,0.10747094888803814
-196,0.10695100894544547
-195,0.10322684184570957
-194,9.830174169649984e-2
-193,0.10282958300575636
-192,0.10459190390474558
-191,0.104806541564806
-190,0.10344366346604014
-189,0.10629229884964714
-188,9.890841132373548e-2
-187,0.10385503693210862
-186,0.10445318726107879
-185,0.10111888116909885
-184,0.10333475944029717
-183,9.721550331337919e-2
-182,0.10566821980524707
-181,0.10787275842567824
-180,0.1032658756592459
-179,0.1023246995007268
-178,9.979344954943352e-2
-177,9.624755055349352e-2
-176,9.1643967335924e-2
-175,9.688813121141811e-2
-174,9.873584859293126e-2
-173,9.106955625714547e-2
-172,9.071512558564962e-2
-171,8.655633926857775e-2
-170,8.852388721303278e-2
-169,8.822641308970891e-2
-168,8.874501911122215e-2
-167,9.182234286304278e-2
-166,9.732644398467279e-2
-165,9.187385831692393e-2
-164,9.186176983766814e-2
-163,9.162204837189189e-2
-162,9.146189477716413e-2
-161,9.437701711146905e-2
-160,9.885225535089061e-2
-159,0.10688524644458597
-158,0.11514245167001716
-157,0.12114252653099965
-156,0.12414266505090013
-155,0.1221774626732867
-154,0.12465898122413693
-153,0.12106968037815719
-152,0.11773275997267564
-151,0.11833782568043423
-150,0.11969610926159428
-149,0.1276837111357336
-148,0.12635188614253384
-147,0.12584497667332034
-146,0.12819193733937131
-145,0.13341076482578443
-144,0.1431176876825204
-143,0.1511885908526006
-142,0.15705082035549242
-141,0.15949633283718676
-140,0.1571888128340909
-139,0.15331440486020853
-138,0.15404945997137884
-137,0.1591891984560522
-136,0.16553785326586437
-135,0.16170731468085822
-134,0.1690746111579199
-133,0.17342832905415104
-132,0.1789889666884617
-131,0.1813973319739747
-130,0.1795699306009067
-129,0.1842631673972011
-128,0.17637647615615312
-127,0.17109263494998106
-126,0.1723472222721556
-125,0.1708260320088244
-124,0.1685407979327263
-123,0.17249044476270883
-122,0.17285922951080093
-121,0.17688803687698726
-120,0.1808376328060027
-119,0.1801878235499875
-118,0.17989007968675683
-117,0.17597318729688333
-116,0.17110166349445993
-115,0.16928800061479862
-114,0.16163930331292245
-113,0.1724528897256372
-112,0.16453297198224154
-111,0.16768775605887282
-110,0.1607915138306934
-109,0.15946760246223038
-108,0.15503606367028244
-107,0.15404615654241224
-106,0.15023857960346046
-105,0.1448816698803827
-104,0.14123371477927021
-103,0.13306920408195919
-102,0.13172529108197245
-101,0.12733350121422107
-100,0.13082763434495104
-99,0.1434830009307506
-98,0.14583098776862558
-97,0.14820107052844111
-96,0.1468151912065339
-95,0.14511456532632344
-94,0.14389743995115478
-93,0.13945522107193908
-92,0.13760892054584628
-91,0.14089486117480052
-90,0.14027159111045479
-89,0.13903692979588897
-88,0.1522139515063557
-87,0.14891086843121404
-86,0.14630033239419316
-85,0.15323710686366426
-84,0.14847490871731506
-83,0.14675104613514392
-82,0.1523482918671956
-81,0.1530603903735316
-80,0.15107833120775335
-79,0.15439357788007263
-78,0.1541604070782097
-77,0.14653789769461045
-76,0.14414540986527616
-75,0.15011022139834598
-74,0.15613762946770143
-73,0.15969749679832274
-72,0.15548837520237213
-71,0.1518152042999513
-70,0.14571657571827448
-69,0.14933553860718754
-68,0.15092451026701437
-67,0.1463340986398419
-66,0.14847115912313433
-65,0.14583228957269603
-64,0.1455169862021035
-63,0.15147070956434885
-62,0.14976392920912757
-61,0.1435259276315071
-60,0.14106295735382085
-59,0.1443646790486235
-58,0.14288491965731487
-57,0.1392652303572624
-56,0.13191249962516965
-55,0.12830575576918338
-54,0.12705387069987828
-53,0.12396589576589141
-52,0.13033333036970263
-51,0.13177807478125678
-50,0.1396448953020193
-49,0.13785702245875434
-48,0.1390054948605739
-47,0.1369913184929784
-46,0.13502904359144471
-45,0.13246257242466092
-44,0.12762890221711432
-43,0.11869449795572157
-42,0.12060318961015636
-41,0.11802476760642377
-40,0.1146519127029954
-39,0.11424009616714154
-38,0.11942629423097627
-37,0.11453350215044786
-36,0.11189100188257864
-35,0.1059303434038473
-34,0.1104155452766303
-33,0.10970410135058004
-32,9.858237035969974e-2
-31,9.243850669408449e-2
-30,8.759544453719201e-2
-29,9.389963048517276e-2
-28,8.931304444018127e-2
-27,9.08186060651811e-2
-26,9.470071365101118e-2
-25,9.602925108064084e-2
-24,9.192956880520883e-2
-23,9.180860427420005e-2
-22,8.606366156092675e-2
-21,8.169122178016192e-2
-20,7.793935898751987e-2
-19,7.405277615153186e-2
-18,7.256261532092577e-2
-17,7.257625402190387e-2
-16,7.165938874473687e-2
-15,7.945140926774028e-2
-14,8.281578341850211e-2
-13,8.213479750267799e-2
-12,8.157321478171091e-2
-11,8.519406342436793e-2
-10,8.615124016285397e-2
-9,8.328996295924707e-2
-8,8.838117611164813e-2
-7,8.43818753805838e-2
-6,8.107612967344129e-2
-5,8.486449349287818e-2
-4,9.260528894711051e-2
-3,9.42434288281675e-2
-2,0.10315575929704209
-1,0.10321081071506269
0,9.978133682276562e-2
1,9.757317184337361e-2
2,9.302577571868807e-2
3,9.744438242196549e-2
4,9.704870773353728e-2
5,9.41876133934464e-2
6,9.264496878734255e-2
7,9.527335689456276e-2
8,9.579947450979835e-2
9,9.310075723942975e-2
10,9.354648093955024e-2
11,9.299899575496931e-2
12,9.269977535250518e-2
13,9.168551176187774e-2
14,9.158386549405781e-2
15,9.056875687805899e-2
16,9.038011160601479e-2
17,8.633871676219541e-2
18,8.526128667654789e-2
19,8.587449397429678e-2
20,8.94763934826054e-2
21,9.375164414401103e-2
22,9.129409678130243e-2
23,9.382845058514504e-2
24,9.74088351111122e-2
25,0.1076938532743396
26,0.10291050135305715
27,0.10201611056841768
28,0.10303627606598725
29,0.10642321285290647
30,0.1051861098436839
31,0.10408058891791123
32,0.10556360490310464
33,0.11274601456524058
34,0.115343002212301
35,0.11161613031202121
36,0.11719470857293772
37,0.11659510486221997
38,0.11762452082209551
39,0.11649527982399945
40,0.11166624115868122
41,0.11015048431109072
42,0.10638567284191616
43,0.10849350726664791
44,0.11674072191916655
45,0.11725280364137562
46,0.1187480190553316
47,0.11763570954127468
48,0.11979913676693481
49,0.11946727333448057
50,0.11891124107252993
51,0.11743788868886516
52,0.11640734273766395
53,0.12223374703601864
54,0.12378758211576374
55,0.12257293441976828
56,0.12086752578309998
57,0.12097024655291111
58,0.12043704458558595
59,0.12102269828851642
60,0.12650479345795415
61,0.13020574984665348
62,0.12780147363786257
63,0.12665573182669257
64,0.12297568973134612
65,0.12295275727114958
66,0.1181923795687938
67,0.11884975783901931
68,0.11801381182254567
69,0.11889024246940251
70,0.11809006547437302
71,0.11647615993951028
72,0.1111972595226512
73,0.10943648707996757
74,0.107969622326803
75,0.10665540466667542
76,0.10390266061916587
77,9.995823044969125e-2
78,9.663309670914368e-2
79,9.825372484952352e-2
80,8.798102287248104e-2
81,8.65141615596226e-2
82,8.319833391845485e-2
83,7.878277348828053e-2
84,7.794581213379004e-2
85,7.722986875402064e-2
86,7.314456893545636e-2
87,7.570171931031934e-2
88,7.587950523519305e-2
89,7.034705797453342e-2
90,6.513492221183283e-2
91,6.35203993159756e-2
92,6.660912063187423e-2
93,6.18464988071987e-2
94,5.8278127978227075e-2
95,5.942572077978539e-2
96,5.6299856713582154e-2
97,5.856509345301659e-2
98,5.983058120373598e-2
99,5.259804980230793e-2
100,4.561635536103595e-2
101,4.4658122040837495e-2
102,4.1605654656338475e-2
103,3.696730075576202e-2
104,3.532519276838463e-2
105,3.2852565319741255e-2
106,2.8825328834304723e-2
107,3.368814540946038e-2
108,3.317651270233622e-2
109,3.1685147994334716e-2
110,3.1474403144088746e-2
111,3.2162048794207164e-2
112,2.586386839350834e-2
113,3.0135641911056978e-2
114,2.9665383919469122e-2
115,2.5313422162512932e-2
116,2.4932448355220023e-2
117,3.2859204145198447e-2
118,2.8594379652764124e-2
119,2.8305818866866325e-2
120,3.023475493240548e-2
121,3.174164051455471e-2
122,3.020708041084485e-2
123,2.3160567515202474e-2
124,2.053143560197316e-2
125,1.7154408610979142e-2
126,9.484884704404284e-3
127,5.531263967921639e-3
128,3.4140062198441323e-3
129,1.2443717033874026e-3
130,2.1864845499177155e-4
131,7.259495216068936e-4
132,4.779477312604324e-3
133,3.157245794176165e-3
134,3.7822295169914083e-3
135,8.82695444425e-3
136,9.948564127609394e-3
137,1.8522276070154293e-2
138,1.954177965151288e-2
139,1.899754110534941e-2
140,2.0981194404983677e-2
141,2.6358125177379947e-2
142,2.4147361831872657e-2
143,2.703413625826534e-2
144,2.414708206255879e-2
145,3.164210341746257e-2
146,3.2036835102725064e-2
147,3.466777071137807e-2
148,4.151680925713241e-2
149,4.348759126947193e-2
150,4.816252887881948e-2
151,4.89332503689489e-2
152,5.197296632730002e-2
153,5.349078939790289e-2
154,5.6393679596412484e-2
155,5.384884028228678e-2
156,5.8087209077157746e-2
157,5.6828831494175384e-2
158,6.109611895742716e-2
159,6.33661689761101e-2
160,6.776348497403425e-2
161,7.586758870857306e-2
162,7.308922230408588e-2
163,7.629158156910242e-2
164,7.742768456633549e-2
165,8.250221747114725e-2
166,8.265617681549917e-2
167,8.371675600576692e-2
168,8.458816176403447e-2
169,8.047684075083239e-2
170,7.748993510614212e-2
171,7.940100463374257e-2
172,8.210729539694622e-2
173,8.346845988584928e-2
174,8.64485955622649e-2
175,8.33098307628772e-2
176,8.312609819277406e-2
177,8.461851120882051e-2
178,8.296212300657835e-2
179,7.86121875344976e-2
180,7.566736767694289e-2
181,7.745971956460596e-2
182,7.665199640806226e-2
183,7.663584819112891e-2
184,7.782505496398762e-2
185,8.08131031065484e-2
186,8.422209217483591e-2
187,8.368124138060863e-2
188,8.939768403344807e-2
189,8.389146425188038e-2
190,8.016871660325539e-2
191,7.601430110037256e-2
192,7.321463587524418e-2
193,6.945331082323325e-2
194,6.56502572857637e-2
195,6.448959966059559e-2
196,6.1404433715608255e-2
197,5.903611673053387e-2
198,5.4442804860292786e-2
199,5.171069799857842e-2
200,4.657337362725058e-2
201,4.3203082520658964e-2
202,3.376422927826763e-2
203,2.4804779958148566e-2
204,2.9202759175067792e-2
205,2.1384752360155235e-2
206,2.3381627987352695e-2
207,1.746630107554751e-2
208,2.1646635806354123e-2
209,2.1385935416918092e-2
210,1.8810738261798913e-2
211,1.9664688926358073e-2
212,1.2027345972725957e-2
213,8.60544335214308e-3
214,4.570363342767941e-3
215,4.569171844514918e-3
216,4.1986405086139825e-3
217,7.418690297641372e-3
218,1.9928435011232004e-3
219,1.2261747653812716e-3
220,1.8539008656458036e-4
221,9.4759601612062e-5
222,1.0341335692369128e-3
223,4.061787482855117e-3
224,5.780674415200767e-3
225,5.463600802595219e-3
226,1.4971192980602089e-2
227,1.8051269185672385e-2
228,2.2395825304905234e-2
229,1.7170349733066963e-2
230,1.4245981735894553e-2
231,7.733120558707883e-3
232,1.0635088693013831e-2
233,5.391931319256777e-3
234,1.343289184268059e-3
235,4.716630558056434e-3
236,2.970434001055222e-3
237,2.371495473279368e-3
238,2.245030375708851e-3
239,2.9158526560123664e-3
240,2.693642744856191e-4
241,2.9475525540273773e-3
242,2.9462729433460662e-5
243,5.8941077311395595e-3
244,1.2878394835440345e-2
245,1.6421298409859036e-2
246,1.9710794019460336e-2
247,1.9764625249828093e-2
248,1.9280094396897294e-2
249,2.3601333102577494e-2
250,2.5991773133759173e-2
251,2.8351542035661752e-2
252,2.621269289042849e-2
253,2.7817483109880782e-2
254,3.231846387779178e-2
255,4.2427585353099144e-2
256,4.159700846066884e-2
257,4.66322816636193e-2
258,4.723198254879421e-2
259,5.4035687410739074e-2
260,6.000898331240492e-2
261,5.645618023110989e-2
262,5.861950453282684e-2
263,5.989308313133503e-2
264,6.670834380583172e-2
265,7.207069184450518e-2
266,7.70581854959343e-2
267,8.155928965698257e-2
268,9.054200888775042e-2
269,9.709478721626999e-2
270,0.10268313313713649
271,0.1123380623910183
272,0.11908189041842467
273,0.1232872953871102
274,0.1353604099623623
275,0.13951951441195512
276,0.13983811661320453
277,0.14355300049712488
278,0.1487938934162363
279,0.15648396358142536
280,0.1621360558206235
281,0.16590174824424994
282,0.17260789845090974
283,0.1736316303915461
284,0.1770532843881149
285,0.17916891520937195
286,0.18043940334707276
287,0.1801348272941145
288,0.18677033095170897
289,0.18719923110971992
290,0.18734450064899721
291,0.18324988429607958
292,0.19160943966604607
293,0.19532349916070688
294,0.19318931192246291
295,0.19465775957037296
296,0.1909363531464288
297,0.19198643172342864
298,0.19463964782203083
299,0.1865960811905764
300,0.18617065812738315
301,0.18200071984035376
302,0.18326031531074788
303,0.17975696960547002
304,0.18560001914752502
305,0.17746948948525043
306,0.1731036216847264
307,0.1684463909296181
308,0.1602677000389573
309,0.1570568155053952
310,0.1557361396338288
311,0.15356828131648181
312,0.15587154453420746
313,0.15311369580683806
314,0.15172804129542988
315,0.14574778344722833
316,0.14298902012089687
317,0.14183303124550167
318,0.13760180480173279
319,0.13341667551391484
320,0.1340260880380393
321,0.12882762889465713
322,0.1263828477597915
323,0.12052656783408958
324,0.1131145353802416
325,0.10900846111203605
326,0.10632965830860064
327,0.10424160860052142
328,9.885732151986805e-2
329,9.285970297771724e-2
330,9.570959618028647e-2
331,8.257403705340408e-2
332,7.444122895691932e-2
333,6.834723160114749e-2
334,6.383278976047367e-2
335,6.201650561563014e-2
336,6.117658632681761e-2
337,5.939217000676978e-2
338,5.343611472356569e-2
339,4.876036015942222e-2
340,5.097076846706533e-2
341,5.021319732461544e-2
342,4.950052929170921e-2
343,4.512404054091539e-2
344,4.190869031067879e-2
345,4.344267295116821e-2
346,4.215505899067418e-2
347,4.292853523997408e-2
348,4.533344752845902e-2
349,4.640594028190141e-2
350,5.053241421746336e-2
351,5.6724468200848546e-2
352,6.608233162059791e-2
353,6.875716369490777e-2
354,7.415263810944313e-2
355,7.742552828609055e-2
356,7.658337231522616e-2
357,8.09152069086433e-2
358,8.015645714485668e-2
359,8.27220536391798e-2
360,8.207341063620531e-2
361,9.161925219412564e-2
362,9.467158840591462e-2
363,0.1032542094713516
364,0.10374341230451121
365,0.10895335244188833
366,0.1225999384474213
367,0.12837128105097925
368,0.1310677695606543
369,0.13127190804974503
370,0.12699176652725616
371,0.13518870867305313
372,0.14059376274099433
373,0.13832761383382006
374,0.14586645292523256
375,0.14824430129965852
376,0.1562589264018787
377,0.16775240380395773
378,0.1730790913734693
379,0.17019437504231896
380,0.1659006205249022
381,0.17113560013593054
382,0.17050020358109108
383,0.17182480129784147
384,0.1737870659240887
385,0.17616518872764644
386,0.17282529195280974
387,0.17990311179475343
388,0.1840251073832105
389,0.18878872338738903
390,0.1978544073958579
391,0.20102655500607436
392,0.20283290479072477
393,0.20404692974298705
394,0.19843116742967712
395,0.19746295683213644
396,0.19576198416771431
397,0.19982572196789133
398,0.20559936451606778
399,0.2080338921780579
400,0.2137350831892665
401,0.22323845055248231
402,0.2243447827318533
403,0.22561935442331257
404,0.22886207265787106
405,0.22185738379366304
406,0.22630250972808807
407,0.22748862501724673
408,0.2309755653911306
409,0.22928974699716073
410,0.22956666932517028
411,0.22850117784283291
412,0.2335854201821545
413,0.23541865057980266
414,0.23926239617310777
415,0.23638004541567492
416,0.23980245645332512
417,0.23138674763614397
418,0.22507654392601345
419,0.22020379381328742
420,0.2148411750098176
421,0.21202131520465486
422,0.21401050235412686
423,0.20829089808998744
424,0.20733555463214906
425,0.2111759995705286
426,0.2115726052049406
427,0.20806659671481054
428,0.20703595967134436
429,0.2011623871895154
430,0.19167483025361343
431,0.17816360776946305
432,0.17550820765995748
433,0.17728816784800866
434,0.17525402500983414
435,0.17108096882430393
436,0.16873645441450047
437,0.16870738938238666
438,0.16988448553655605
439,0.16793673737759524
440,0.166226719874346
441,0.15726839158686284
442,0.15270637176783236
443,0.1543562889593907
444,0.14642623037577868
445,0.1396914268962533
446,0.12918324926525393
447,0.12777524613939822
448,0.12182240335784218
449,0.12000268992744213
450,0.11830884525735896
451,0.11936956043226547
452,0.1231678717338134
453,0.11935873654591693
454,0.1226371617150248
455,0.1104174467094792
456,0.1075464809389286
457,0.10555891118432455
458,0.10847150040431733
459,0.10986293537892546
460,0.10847551366895944
461,0.11105962938099785
462,0.11110427261049619
463,0.11598204485839261
464,0.11304949383120122
465,0.11794567000285248
466,0.1161416909802037
467,0.11317356184045065
468,0.11077977684856025
469,0.11415135201843057
470,0.11746579938349175
471,0.11689628474862977
472,0.12320935275683002
473,0.12784454997719524
474,0.13554174090807064
475,0.1342476809894554
476,0.13980311342057847
477,0.1495680295767083
478,0.14685040668687263
479,0.14784890469631087
480,0.1490721586747308
481,0.1518752659518779
482,0.15576743431544413
483,0.1665869227979698
484,0.17565096560717283
485,0.17844886603572757
486,0.18416294202233904
487,0.18768532347375422
488,0.19034187370921613
489,0.1922602233729576
490,0.18730541396596212
491,0.1908865548464303
492,0.19064393219871148
493,0.19225683264323232
494,0.192342762230243
495,0.20019504903237786
496,0.20181696823517306
497,0.206060650304864
498,0.20383264223606096
499,0.21215637809792268
500,0.2127872057881532
501,0.21180988733923486
502,0.21213214456244267
503,0.20496302835711436
504,0.19811971172065268
505,0.19546025061105207
506,0.20001074992885806
507,0.19658835311665618
508,0.19601332229874105
509,0.20614379458227622
510,0.2139970317311009
511,0.20618509613583708
512,0.20137767578135643
513,0.20120767771406983
514,0.2044667247583615
515,0.2047281942167839
516,0.2065930533308849
517,0.20723038596133656
518,0.21010470437361226
519,0.22090865900336684
520,0.2248591096840932
521,0.23227649127191163
522,0.23235486865552574
523,0.2341422192989775
524,0.24011472174826307
525,0.23685319392857324
526,0.23463842746249586
527,0.22848569458882675
528,0.22667112341553278
529,0.23111672668359454
530,0.23605944112074945
531,0.22860696496166666
532,0.23543801541748716
533,0.2407749147736597
534,0.24377466832243963
535,0.2447372616269011
536,0.24343294012339337
537,0.24281503607672825
538,0.24400649494996282
539,0.23981424954911137
540,0.23795242719554743
541,0.24214603607720686
542,0.25080473757655697
543,0.2533561107228749
544,0.2571143850823053
545,0.2583948303119335
546,0.26701763250529176
547,0.27036834693062617
548,0.27119290943706714
549,0.26720260086755376
550,0.27692289337448994
551,0.2737367674412606
552,0.2729378820302936
553,0.2716675539099576
554,0.2711401705931393
555,0.2710426073968148
556,0.27141373710541467
557,0.26799801715447663
558,0.268925789234035
559,0.2691473307125161
560,0.27453107290794476
561,0.2692998032899055
562,0.2736563514797743
563,0.26728974265743005
564,0.2635348631990168
565,0.2639118915394724
566,0.26571757933858253
567,0.2734835442388092
568,0.27481127105155306
569,0.2739728877353134
570,0.27867674194444014
571,0.27735692550159524
572,0.27582291264935616
573,0.27092585273835257
574,0.2701845697002006
575,0.26802631204702715
576,0.2646234052081258
577,0.26404877006917193
578,0.2647121071453067
579,0.264047684507078
580,0.25966734120501994
581,0.26101250017120214
582,0.2659501397148573
583,0.2711993186391094
584,0.265890667698526
585,0.2706760091255236
586,0.2690558065455007
587,0.263271996845649
588,0.2579752653547342
589,0.2502432114563389
590,0.2541605867064847
591,0.2546929237249846
592,0.25557893613969207
593,0.2517159857108563
594,0.2514655750137544
595,0.2560893337866184
596,0.25199187671191037
597,0.25277336002969236
598,0.25529285623955317
599,0.25027425722985985
600,0.2515703226487374
601,0.24844080366239385
602,0.25232840563211906
603,0.25111464653456067
604,0.2540330471927631
605,0.2594981441486839
606,0.2581539461620035
607,0.253828136152196
608,0.2621413875373044
609,0.2647606223349068
610,0.2689957149858811
611,0.2646877328740444
612,0.262932164259384
613,0.2614808901295615
614,0.2671578576558478
615,0.2666786455848001
616,0.2672922478800018
617,0.2678608666239259
618,0.27387771725859567
619,0.27843529355662544
620,0.27948041543021873
621,0.27559479476648907
622,0.2788740749189432
623,0.28113461501811693
624,0.2746701788009365
625,0.26876288041502694
626,0.26963492235876985
627,0.27635882356817254
628,0.27915499137761174
629,0.2832840841637663
630,0.28190838313194644
631,0.28117776947199075
632,0.27926947620198994
633,0.28505541107410054
634,0.27994932508877307
635,0.27775742022229727
636,0.27311605938854217
637,0.26665691183943696
638,0.2692253175349743
639,0.2674453735542787
640,0.2734359993615869
641,0.27368494970481955
642,0.2824308400794629
643,0.2907591736347328
644,0.2855625598311911
645,0.29478770751225214
646,0.2952630387258229
647,0.294937719273561
648,0.28910775204611927
649,0.28722845430218924
650,0.28383607297529184
651,0.2873958381386161
652,0.2917282668869424
653,0.30597910189764044
654,0.30853611343941706
655,0.310699431563255
656,0.3125214493186692
657,0.30506114724622896
658,0.3097085112873772
659,0.31378240194215096
660,0.31137241480519623
661,0.3121583443800946
662,0.31755804464764725
663,0.32121949856614745
664,0.32875824995685765
665,0.33944413666625717
666,0.34519452558008173
667,0.3511290028282189
668,0.3529418310121315
669,0.3512101769997887
670,0.35166840455904497
671,0.3538561683840308
672,0.35544297282412807
673,0.35436124357647003
674,0.3623742388879211
675,0.3605713786414151
676,0.36431932140512757
677,0.3703282355941091
678,0.37584459918080887
679,0.3748726804653879
680,0.3736824305803858
681,0.37027020215908824
682,0.3696202003126257
683,0.3744279119926072
684,0.3776811974648978
685,0.38044392339649274
686,0.3815205806204369
687,0.3888056787685422
688,0.38573305409648234
689,0.3854792615396416
690,0.38804472555471214
691,0.39113734937718236
692,0.39117025849001785
693,0.3824485898966429
694,0.38339218430626965
695,0.38146158412299563
696,0.3822142525124831
697,0.3783580936734107
698,0.37474163538331884
699,0.3753476230188871
700,0.3700131785233485
701,0.3693853880900372
702,0.3702314239583949
703,0.36013696595357036
704,0.35395864009368383
705,0.3512467638868693
706,0.3420373504095854
707,0.33527552489115753
708,0.33352150612766207
709,0.32627340355588835
710,0.31957166791714436
711,0.32140453306936334
712,0.3156562884491567
713,0.3072162399580504
714,0.30317246806759107
715,0.29998975305666103
716,0.2917124670496848
717,0.2900740577185402
718,0.28393635781035487
719,0.2796074492484724
720,0.276817429591096
721,0.2691520583835442
722,0.2593957009860665
723,0.2554139595505677
724,0.24826616523287864
725,0.24165929086641777
726,0.23705283018843595
727,0.23145593539207393
728,0.22326553528800047
729,0.21732463605790436
730,0.21626812103109622
731,0.21791714871526766
732,0.21155315171082012
733,0.2022227119739508
734,0.20321920936857313
735,0.2032569048341649
736,0.20489883589479566
737,0.20947863225553764
738,0.21833638310725814
739,0.22151839302285764
740,0.2256832802359354
741,0.2257502005626668
742,0.2245529843822511
743,0.22661185232156833
744,0.22770804637799683
745,0.22593899595069664
746,0.23141014122300668
747,0.2334349782845884
748,0.2382214235658731
749,0.23930512980383223
750,0.25005699926527547
751,0.2457172546928179
752,0.24089689437500572
753,0.24064204282789217
754,0.24500742152693503
755,0.24193938960675687
756,0.24506781577793899
757,0.24764384101484424
758,0.25498103383226683
759,0.25633888469525734
760,0.25315440267690975
761,0.2590545097533592
762,0.2667380675010148
763,0.2681035544108367
764,0.2663273115460556
765,0.262248132113244
766,0.2578249991151371
767,0.26219570816292537
768,0.27045632422478494
769,0.27153412410727223
770,0.27053049613771735
771,0.27767994699118903
772,0.28083341963735803
773,0.2879544541180681
774,0.28648712404069654
775,0.28487580839153276
776,0.28528350330617314
777,0.29610100684931095
778,0.29420217630929724
779,0.29826543974609626
780,0.29047147411295565
781,0.29679781204436273
782,0.2906037587641321
783,0.2943138896079511
784,0.2959461973056427
785,0.30169598778685713
786,0.305250415072408
787,0.305992121918326
788,0.29773494308054094
789,0.2913570739793188
790,0.29511215359253584
791,0.30102586959058714
792,0.30465320277287106
793,0.3017823557765523
794,0.30487350186797735
795,0.30338072371317837
796,0.30037300150692714
797,0.29996185298815714
798,0.30044068839091875
799,0.30094670664036044
800,0.3021853785645064
801,0.2915528894929799
802,0.28947516237286103
803,0.28671799947667526
804,0.29056397271456913
805,0.2824270682713813
806,0.2781235948346645
807,0.27928196308089753
808,0.2826483201453872
809,0.2762386945622769
810,0.28117116914501133
811,0.28757115197241734
812,0.28331213984297604
813,0.28086742914737167
814,0.27873585503804255
815,0.26750060876900145
816,0.26556099578010384
817,0.26620487370723794
818,0.2695646036534382
819,0.26726304333455586
820,0.2652115064368118
821,0.2665545505086503
822,0.27268561908704564
